<?xml version="1.0" encoding="UTF-8"?>
<project-private xmlns="http://www.netbeans.org/ns/project-private/1">
    <editor-bookmarks xmlns="http://www.netbeans.org/ns/editor-bookmarks/2" lastBookmarkId="0"/>
    <open-files xmlns="http://www.netbeans.org/ns/projectui-open-files/2">
        <group>
            <file>file:/C:/Users/Admin/Documents/NetBeansProjects/Bankiz/src/com/bankiz/model/Client.java</file>
            <file>file:/C:/Users/Admin/Documents/NetBeansProjects/Bankiz/src/com/bankiz/model/User.java</file>
            <file>file:/C:/Users/Admin/Documents/NetBeansProjects/Bankiz/src/com/bankiz/util/DBUtil.java</file>
            <file>file:/C:/Users/Admin/Documents/NetBeansProjects/Bankiz/src/com/bankiz/gui/Login.java</file>
            <file>file:/C:/Users/Admin/Documents/NetBeansProjects/Bankiz/src/com/bankiz/gui/EnvoieMail.java</file>
            <file>file:/C:/Users/Admin/Documents/NetBeansProjects/Bankiz/src/com/bankiz/gui/ChangeMdp.java</file>
            <file>file:/C:/Users/Admin/Documents/NetBeansProjects/Bankiz/src/com/bankiz/gui/GererClient.java</file>
            <file>file:/C:/Users/Admin/Documents/NetBeansProjects/Bankiz/src/com/bankiz/dao/UserDao.java</file>
            <file>file:/C:/Users/Admin/Documents/NetBeansProjects/Bankiz/src/com/bankiz/gui/PagePrincipale.java</file>
        </group>
    </open-files>
</project-private>
